{
    "epoch": 4.0,
    "eval_accuracy": 1.0,
    "eval_loss": 0.014179646037518978,
    "eval_runtime": 400.4419,
    "eval_samples_per_second": 0.332,
    "eval_steps_per_second": 0.042,
    "total_flos": 3.205097416476426e+17,
    "train_loss": 0.11973213226749346,
    "train_runtime": 68134.0583,
    "train_samples_per_second": 0.061,
    "train_steps_per_second": 0.004
}